<?xml version="1.0" encoding="UTF-8" standalone="yes"?>
<addon id="plugin.video.carbono"
       name="[COLOR white]Carbono[/COLOR]"
       version="0.0.1"
       provider-name="Ambrosio">
  <requires>
    <import addon="xbmc.python" version="2.1.0"/>
    <import addon="script.module.beautifulsoup" version="3.2.1"/>
    <import addon="script.module.simple.downloader" version="0.9.4"/>
    <import addon="script.module.beautifulsoup4" />
    <import addon="script.module.requests" />
    <import addon="script.module.httplib2" />
    <import addon="script.module.liveresolver" version="0.1.24" optional="true"/>
    <import addon="script.module.youtube.dl" />
    <import addon="plugin.video.youtube" />
    <import addon="script.module.urlresolver" />
	<import addon="script.module.simplejson" />
    <import addon="script.module.livestreamer" optional="true"/>
    <import addon="script.module.pyamf" optional="true"/>
  </requires>
  <extension point="xbmc.python.pluginsource" library="default.py">
    <provides>video</provides>
  </extension>

  <extension point="xbmc.addon.repository" name="Carbono repositorio">
    <info>https://raw.githubusercontent.com/AddonCarbono/Repositorio/master/RepositorioCarbono/addons.xml</info>
    <checksum>https://raw.githubusercontent.com/AddonCarbono/Repositorio/master/RepositorioCarbono/addons.xml.md5</checksum>
    <datadir zip="true">https://raw.githubusercontent.com/AddonCarbono/Repositorio/master/RepositorioCarbono/</datadir>
  </extension>

  <extension point="xbmc.addon.metadata">
    <summary></summary>
    <description></description>
    <platform>all</platform>
  </extension>
</addon>
