<?xml version="1.0" encoding="UTF-8" standalone="yes"?>
<addon id="repository.carbono" name="[COLOR white]Carbono repositorio[/COLOR] Repo" version="1.0.1" provider-name="Anonimo">
    <extension point="xbmc.addon.repository" name="Mi repositorio">
        <info>https://raw.githubusercontent.com/AddonCarbono/Repositorio/master/addons.xml</info>
        <checksum>https://raw.githubusercontent.com/AddonCarbono/Repositorio/master/addons.xml.md5</checksum>
        <datadir zip="true">https://raw.githubusercontent.com/AddonCarbono/Repositorio/master/</datadir>
    </extension>
    <extension point="xbmc.addon.metadata">
        <summary></summary>
        <description></description>
        <disclaimer></disclaimer>
        <platform>all</platform>
    </extension>
</addon>
